Time(s),Axial drift (nm)
0.000000,0.000000
0.050025,25.947281
0.100050,10.011740
0.150075,7.169715
0.200100,-7.581946
0.250125,-4.503367
0.300150,-2.536124
0.350175,13.338804
0.400200,0.344354
0.450225,32.503121
0.500250,21.494833
0.550275,25.614103
0.600300,-13.398911
0.650325,-6.308690
0.700350,26.015051
0.750375,6.966471
0.800400,-29.951147
0.850425,3.408226
0.900450,-10.532980
0.950475,89.342618
1.000500,-12.967844
1.050525,26.628857
1.100550,-15.969665
1.150575,-62.450117
1.200600,-8.990174
1.250625,26.725961
1.300650,-18.540165
1.350675,15.618589
1.400700,24.389395
1.450725,-24.821008
1.500750,71.803324
1.550775,5.491948
1.600800,26.001706
1.650825,17.926687
1.700850,18.860882
1.750875,8.376388
1.800900,-5.655337
1.850925,91.662324
1.900950,-11.059692
1.950975,18.409767
2.001001,-28.669205
2.051026,-5.964372
2.101051,7.281933
2.151076,-24.831463
2.201101,31.852783
2.251126,-8.544796
2.301151,-19.704404
2.351176,20.962732
2.401201,0.614930
2.451226,16.716872
2.501251,29.370731
2.551276,30.742558
2.601301,2.254370
2.651326,23.655516
2.701351,2.383247
2.751376,1.128387
2.801401,47.257604
2.851426,36.796358
2.901451,4.251081
2.951476,69.811963
3.001501,19.808715
3.051526,-3.099060
3.101551,4.791949
3.151576,-14.857973
3.201601,87.855960
3.251626,-10.712720
3.301651,33.393170
3.351676,-0.366720
3.401701,34.962465
3.451726,-1.671871
3.501751,24.664511
3.551776,-25.824885
3.601801,-14.830795
3.651826,21.815346
3.701851,-33.584769
3.751876,-13.060337
3.801901,10.580639
3.851926,27.439470
3.901951,76.676261
3.951976,42.417326
4.002001,-18.084192
4.052026,41.116523
4.102051,-17.720323
4.152076,41.727210
4.202101,51.181747
4.252126,19.745878
4.302151,73.401140
4.352176,-27.424752
4.402201,9.398697
4.452226,40.393524
4.502251,28.463050
4.552276,56.537775
4.602301,-21.382513
4.652326,-1.650730
4.702351,65.741417
4.752376,-35.222305
4.802401,95.911813
4.852426,35.447754
4.902451,99.940786
4.952476,-37.689565
5.002501,22.279014
5.052526,12.564795
5.102551,8.054613
5.152576,11.759463
5.202601,67.199768
5.252626,2.453508
5.302651,-0.294107
5.352676,5.478083
5.402701,74.326152
5.452726,-7.715331
5.502751,23.060156
5.552776,51.759973
5.602801,13.690982
5.652826,11.240118
5.702851,38.512188
5.752876,27.838375
5.802901,26.590550
5.852926,25.822178
5.902951,-41.939500
5.952976,14.306642
6.003002,69.315932
6.053027,62.734334
6.103052,38.264374
6.153077,64.055810
6.203102,36.775558
6.253127,28.870792
6.303152,105.920861
6.353177,23.637127
6.403202,74.673241
6.453227,77.203232
6.503252,38.688654
6.553277,58.120705
6.603302,-29.155407
6.653327,27.263722
6.703352,-23.926441
6.753377,83.800992
6.803402,21.692838
6.853427,8.396624
6.903452,-11.578450
6.953477,35.297003
7.003502,2.869570
7.053527,40.535627
7.103552,24.295643
7.153577,8.196636
7.203602,-12.589294
7.253627,75.571309
7.303652,18.444548
7.353677,42.313231
7.403702,22.390504
7.453727,1.562520
7.503752,5.595365
7.553777,18.617696
7.603802,-52.793639
7.653827,-20.834864
7.703852,-5.347711
7.753877,132.167065
7.803902,22.788129
7.853927,18.368278
7.903952,-8.571078
7.953977,59.975000
8.004002,80.945470
8.054027,39.219031
8.104052,-20.313675
8.154077,-16.376969
8.204102,88.405185
8.254127,77.485457
8.304152,27.273346
8.354177,-16.103040
8.404202,-48.610761
8.454227,35.584084
8.504252,17.917609
8.554277,73.646698
8.604302,65.081944
8.654327,74.085034
8.704352,7.515896
8.754377,-2.875742
8.804402,15.211525
8.854427,9.539305
8.904452,43.906189
8.954477,36.145144
9.004502,4.179990
9.054527,4.823000
9.104552,38.294572
9.154577,41.724782
9.204602,-50.039277
9.254627,51.821898
9.304652,-22.701155
9.354677,53.265513
9.404702,24.563256
9.454727,11.377732
9.504752,16.358795
9.554777,-25.770024
9.604802,43.206217
9.654827,24.833591
9.704852,-7.915675
9.754877,36.133866
9.804902,45.460854
9.854927,13.137440
9.904952,14.253024
9.954977,47.923521
10.005003,53.619613
10.055028,51.155724
10.105053,-40.543013
10.155078,-64.634592
10.205103,13.700711
10.255128,-3.681048
10.305153,11.835288
10.355178,42.082958
10.405203,-51.556832
10.455228,71.985944
10.505253,12.577031
10.555278,-63.532386
10.605303,-14.300385
10.655328,43.153157
10.705353,-3.351090
10.755378,58.282404
10.805403,6.584018
10.855428,86.733174
10.905453,16.287056
10.955478,5.206994
11.005503,18.991798
11.055528,65.533190
11.105553,31.245732
11.155578,28.679297
11.205603,61.828279
11.255628,8.726894
11.305653,10.661637
11.355678,30.542885
11.405703,-17.425018
11.455728,-1.631643
11.505753,-18.180664
11.555778,14.540519
11.605803,-12.546372
11.655828,52.923148
11.705853,-8.289207
11.755878,-44.667641
11.805903,-14.762465
11.855928,70.761341
11.905953,2.748250
11.955978,15.466204
12.006003,0.256162
12.056028,10.058318
12.106053,26.975613
12.156078,46.266468
12.206103,0.486268
12.256128,-27.985006
12.306153,-26.419894
12.356178,38.924754
12.406203,-49.065870
12.456228,-13.818347
12.506253,-52.357082
12.556278,-29.128700
12.606303,-23.072103
12.656328,35.451936
12.706353,3.313769
12.756378,-58.166523
12.806403,-34.431524
12.856428,53.497274
12.906453,18.516857
12.956478,-38.006606
13.006503,-36.074552
13.056528,-1.858755
13.106553,5.032678
13.156578,6.498945
13.206603,-75.464898
13.256628,-45.378039
13.306653,11.177190
13.356678,10.284887
13.406703,15.119833
13.456728,2.835343
13.506753,22.751268
13.556778,-8.513127
13.606803,5.938981
13.656828,-17.001074
13.706853,51.502432
13.756878,-17.445114
13.806903,46.685793
13.856928,47.016242
13.906953,22.029702
13.956978,-5.024005
14.007004,-38.057444
14.057029,-32.978828
14.107054,31.645621
14.157079,-30.823680
14.207104,-44.899073
14.257129,-12.513056
14.307154,45.681710
14.357179,-46.525259
14.407204,28.943928
14.457229,-20.999905
14.507254,7.939850
14.557279,27.672255
14.607304,-34.589550
14.657329,-57.668058
14.707354,-49.954051
14.757379,31.564163
14.807404,-53.876221
14.857429,19.280513
14.907454,-21.165737
14.957479,28.170705
15.007504,-2.341104
15.057529,0.441615
15.107554,14.550025
15.157579,30.385285
15.207604,21.619902
15.257629,-14.078226
15.307654,-11.930020
15.357679,57.269128
15.407704,41.642409
15.457729,-29.181575
15.507754,-1.862971
15.557779,-34.529876
15.607804,28.744501
15.657829,64.228009
15.707854,48.305465
15.757879,-46.735432
15.807904,49.355982
15.857929,6.059516
15.907954,-24.175866
15.957979,37.473460
16.008004,25.167844
16.058029,15.952298
16.108054,-19.934928
16.158079,25.534249
16.208104,-16.586508
16.258129,-21.772544
16.308154,5.775267
16.358179,29.043442
16.408204,-35.448880
16.458229,-12.964191
16.508254,-9.374263
16.558279,-22.387750
16.608304,-36.451043
16.658329,3.684393
16.708354,31.081200
16.758379,-10.398998
16.808404,36.944972
16.858429,-37.362867
16.908454,-46.638801
16.958479,8.537567
17.008504,71.867184
17.058529,-15.140162
17.108554,54.520118
17.158579,27.691048
17.208604,-53.583208
17.258629,6.640414
17.308654,-31.888074
17.358679,-57.210364
17.408704,82.698485
17.458729,-25.847882
17.508754,-17.320724
17.558779,34.519449
17.608804,-30.689569
17.658829,2.936392
17.708854,41.287301
17.758879,-39.746160
17.808904,17.023134
17.858929,-4.092130
17.908954,-3.126069
17.958979,0.923604
18.009005,-17.191476
18.059030,23.645738
18.109055,52.366351
18.159080,-37.891999
18.209105,-55.847590
18.259130,-17.519576
18.309155,-16.804849
18.359180,-30.630110
18.409205,-8.010201
18.459230,-32.202773
18.509255,7.207254
18.559280,26.343402
18.609305,15.700430
18.659330,31.005563
18.709355,21.982188
18.759380,27.844723
18.809405,-10.263617
18.859430,-24.545027
18.909455,-46.082113
18.959480,-13.224855
19.009505,-11.436315
19.059530,20.934372
19.109555,-16.212087
19.159580,38.632047
19.209605,15.585779
19.259630,16.143121
19.309655,0.995484
19.359680,25.574466
19.409705,26.046712
19.459730,-11.153553
19.509755,-15.761442
19.559780,-18.203698
19.609805,24.054990
19.659830,11.655971
19.709855,7.344464
19.759880,-37.556369
19.809905,-34.042516
19.859930,-11.424360
19.909955,-1.903279
19.959980,-11.178542
20.010005,-33.709146
20.060030,33.423443
20.110055,-29.032602
20.160080,-44.102018
20.210105,0.899615
20.260130,-10.663311
20.310155,10.261044
20.360180,6.274622
20.410205,-47.775796
20.460230,43.708899
20.510255,6.379604
20.560280,-36.882260
20.610305,45.774002
20.660330,-36.542485
20.710355,-38.902026
20.760380,-36.757002
20.810405,53.005886
20.860430,59.981768
20.910455,-23.147197
20.960480,-10.255271
21.010505,-45.242561
21.060530,-30.466359
21.110555,41.693602
21.160580,22.127316
21.210605,-10.139066
21.260630,68.290417
21.310655,-61.509397
21.360680,18.655520
21.410705,92.300701
21.460730,46.972629
21.510755,34.953042
21.560780,38.166642
21.610805,27.287778
21.660830,3.659628
21.710855,64.603926
21.760880,-2.404916
21.810905,50.839475
21.860930,-15.347772
21.910955,-44.006353
21.960980,-6.025599
22.011006,-35.404601
22.061031,3.373864
22.111056,-59.649096
22.161081,-34.456412
22.211106,-50.604061
22.261131,-6.178806
22.311156,-50.688841
22.361181,33.711778
22.411206,-34.578051
22.461231,0.048589
22.511256,1.414835
22.561281,5.350122
22.611306,-18.679644
22.661331,-8.867098
22.711356,-79.761981
22.761381,-67.566884
22.811406,-55.761336
22.861431,42.661793
22.911456,-7.790528
22.961481,11.056181
23.011506,25.003895
23.061531,-61.567954
23.111556,-17.876555
23.161581,47.717421
23.211606,-60.989833
23.261631,-36.079207
23.311656,-12.735970
23.361681,-19.472327
23.411706,-43.059222
23.461731,-28.531662
23.511756,21.694397
23.561781,-63.813623
23.611806,-19.896113
23.661831,1.964699
23.711856,-5.752737
23.761881,-28.307703
23.811906,-30.832609
23.861931,-39.976360
23.911956,-24.293065
23.961981,-10.994095
24.012006,7.014335
24.062031,27.225803
24.112056,-62.060495
24.162081,-19.542791
24.212106,-32.014923
24.262131,-90.320439
24.312156,12.729717
24.362181,28.660295
24.412206,21.856022
24.462231,1.133071
24.512256,0.294390
24.562281,58.858556
24.612306,-12.864052
24.662331,48.131624
24.712356,-32.784666
24.762381,25.410193
24.812406,-70.162101
24.862431,-49.907701
24.912456,-33.228363
24.962481,-4.943846
25.012506,-33.426812
25.062531,6.201845
25.112556,-42.043154
25.162581,17.178923
25.212606,7.767997
25.262631,16.907360
25.312656,-5.972873
25.362681,-12.031077
25.412706,-11.622556
25.462731,-39.525053
25.512756,9.575726
25.562781,-36.043439
25.612806,62.199904
25.662831,55.885178
25.712856,4.770865
25.762881,-32.902157
25.812906,18.445177
25.862931,-3.339178
25.912956,-35.913705
25.962981,37.478785
26.013007,21.106598
26.063032,39.224173
26.113057,3.060379
26.163082,-33.815281
26.213107,-17.627538
26.263132,36.529724
26.313157,-1.820170
26.363182,-0.629288
26.413207,-14.679029
26.463232,-4.511035
26.513257,14.902727
26.563282,-75.262789
26.613307,67.778319
26.663332,30.861391
26.713357,7.574937
26.763382,-8.063012
26.813407,-0.067218
26.863432,-7.898713
26.913457,60.470365
26.963482,-50.445036
27.013507,-18.804894
27.063532,-88.982752
27.113557,70.129764
27.163582,18.436475
27.213607,38.385475
27.263632,-14.680980
27.313657,3.127105
27.363682,-33.262025
27.413707,-24.638856
27.463732,-51.669807
27.513757,-28.093573
27.563782,10.905980
27.613807,-18.089480
27.663832,-24.495558
27.713857,16.594042
27.763882,-10.891768
27.813907,-3.402667
27.863932,24.423032
27.913957,-49.880090
27.963982,28.657910
28.014007,48.566958
28.064032,-30.637303
28.114057,49.941517
28.164082,-14.230124
28.214107,42.505472
28.264132,24.523210
28.314157,39.467426
28.364182,-24.855238
28.414207,29.007186
28.464232,4.449004
28.514257,19.888576
28.564282,-20.551778
28.614307,39.797648
28.664332,36.530503
28.714357,83.326921
28.764382,9.370865
28.814407,80.796081
28.864432,12.740544
28.914457,-56.570889
28.964482,-0.499269
29.014507,40.086368
29.064532,81.959814
29.114557,-1.005271
29.164582,-36.437469
29.214607,-9.740437
29.264632,35.393916
29.314657,32.074980
29.364682,27.808250
29.414707,-53.901468
29.464732,4.985345
29.514757,-14.278762
29.564782,-49.404841
29.614807,-19.639933
29.664832,-22.251186
29.714857,-27.840249
29.764882,-38.673569
29.814907,-28.640841
29.864932,-10.279173
29.914957,35.961586
29.964982,95.124971
30.015008,41.513247
30.065033,14.156542
30.115058,43.155038
30.165083,-84.277172
30.215108,-19.465323
30.265133,26.661127
30.315158,-5.179343
30.365183,-15.618313
30.415208,61.676659
30.465233,-20.361064
30.515258,-18.752381
30.565283,32.142442
30.615308,26.029324
30.665333,84.139275
30.715358,35.049241
30.765383,29.753758
30.815408,22.784730
30.865433,-15.316349
30.915458,85.628519
30.965483,-8.231333
31.015508,-9.654110
31.065533,-27.731176
31.115558,10.919483
31.165583,23.853040
31.215608,42.682461
31.265633,7.557437
31.315658,8.758294
31.365683,16.249741
31.415708,58.348222
31.465733,33.504264
31.515758,43.459913
31.565783,43.040242
31.615808,24.774937
31.665833,-1.275141
31.715858,60.258027
31.765883,4.804008
31.815908,123.128429
31.865933,19.300637
31.915958,27.027383
31.965983,-52.105263
32.016008,-10.485476
32.066033,-18.366296
32.116058,8.871378
32.166083,-26.779018
32.216108,-1.949766
32.266133,-38.355717
32.316158,80.111131
32.366183,19.252597
32.416208,-14.285689
32.466233,21.166789
32.516258,-8.468590
32.566283,45.835621
32.616308,-50.055381
32.666333,5.468516
32.716358,14.557813
32.766383,38.730569
32.816408,-12.622451
32.866433,48.769072
32.916458,-4.285633
32.966483,-20.494172
33.016508,-4.520316
33.066533,77.592026
33.116558,-63.225698
33.166583,-24.217873
33.216608,-6.365089
33.266633,-33.387638
33.316658,29.613416
33.366683,-31.517666
33.416708,20.917519
33.466733,16.627272
33.516758,29.592439
33.566783,-5.669912
33.616808,-3.710700
33.666833,9.320857
33.716858,24.883123
33.766883,7.850842
33.816908,36.305224
33.866933,-7.993678
33.916958,-20.411593
33.966983,-50.850852
34.017009,-14.757412
34.067034,34.901141
34.117059,11.273375
34.167084,-29.944736
34.217109,25.587715
34.267134,21.305234
34.317159,30.562612
34.367184,20.136836
34.417209,-0.352492
34.467234,17.673199
34.517259,33.728071
34.567284,-9.242121
34.617309,21.243413
34.667334,-13.159496
34.717359,-40.638177
34.767384,27.502081
34.817409,-45.796462
34.867434,-7.856961
34.917459,-30.348745
34.967484,4.452504
35.017509,18.373781
35.067534,9.292325
35.117559,-29.164703
35.167584,-11.842089
35.217609,-3.147097
35.267634,-69.859344
35.317659,-18.284456
35.367684,40.483899
35.417709,-54.230104
35.467734,41.074938
35.517759,27.211738
35.567784,26.574138
35.617809,-44.768667
35.667834,16.487956
35.717859,-2.860728
35.767884,72.849515
35.817909,-16.969109
35.867934,21.558037
35.917959,-26.260844
35.967984,143.044316
36.018009,-17.469037
36.068034,-20.305182
36.118059,-34.996501
36.168084,6.586395
36.218109,25.755616
36.268134,23.094770
36.318159,93.065526
36.368184,22.620411
36.418209,26.333327
36.468234,5.071345
36.518259,56.315731
36.568284,-38.216213
36.618309,62.942719
36.668334,76.260552
36.718359,52.685524
36.768384,14.836806
36.818409,22.524831
36.868434,15.837320
36.918459,-38.505322
36.968484,-7.283764
37.018509,-71.794283
37.068534,-10.232387
37.118559,-23.290512
37.168584,-69.222980
37.218609,-23.778986
37.268634,-6.674396
37.318659,-24.048969
37.368684,14.867891
37.418709,-7.304741
37.468734,3.137822
37.518759,-44.816355
37.568784,25.247103
37.618809,29.758635
37.668834,-7.251445
37.718859,-29.371770
37.768884,-19.604309
37.818909,-38.805311
37.868934,16.487314
37.918959,-23.239360
37.968984,-9.231004
38.019010,31.137650
38.069035,-27.859757
38.119060,-26.757907
38.169085,-21.416777
38.219110,52.419316
38.269135,21.128477
38.319160,31.007235
38.369185,-29.417400
38.419210,-12.402843
38.469235,-1.554731
38.519260,-43.387376
38.569285,-14.126033
38.619310,-1.433832
38.669335,24.768476
38.719360,2.433672
38.769385,-1.736839
38.819410,33.429433
38.869435,58.850093
38.919460,-5.140776
38.969485,-20.477168
39.019510,28.561793
39.069535,-13.994359
39.119560,-2.297805
39.169585,17.291610
39.219610,42.981548
39.269635,-34.760797
39.319660,17.352523
39.369685,27.940979
39.419710,20.335995
39.469735,5.774277
39.519760,-25.400101
39.569785,-0.049128
39.619810,-32.837020
39.669835,-55.343956
39.719860,-8.399892
39.769885,-9.435553
39.819910,62.993503
39.869935,46.778864
39.919960,-21.646478
39.969985,12.187983
40.020010,5.462417
40.070035,-3.564778
40.120060,-5.691220
40.170085,-29.494494
40.220110,9.784006
40.270135,13.720889
40.320160,15.272793
40.370185,40.340924
40.420210,-1.363443
40.470235,4.633880
40.520260,72.501930
40.570285,2.751119
40.620310,-28.341596
40.670335,40.938111
40.720360,-10.784280
40.770385,14.875845
40.820410,35.869453
40.870435,-25.221066
40.920460,22.685852
40.970485,8.037643
41.020510,-24.351285
41.070535,48.652983
41.120560,19.134271
41.170585,-9.351203
41.220610,-1.218846
41.270635,4.825738
41.320660,34.680159
41.370685,35.962071
41.420710,-25.311274
41.470735,35.309082
41.520760,39.768393
41.570785,43.659994
41.620810,20.410979
41.670835,-38.086189
41.720860,47.153612
41.770885,82.701834
41.820910,6.203679
41.870935,-0.055624
41.920960,6.051767
41.970985,25.754727
42.021011,-27.084003
42.071036,8.619209
42.121061,15.031423
42.171086,66.119678
42.221111,34.093420
42.271136,39.796343
42.321161,70.142597
42.371186,2.439227
42.421211,-27.715702
42.471236,28.239186
42.521261,22.779444
42.571286,49.556666
42.621311,4.548010
42.671336,26.756865
42.721361,62.508823
42.771386,2.090430
42.821411,7.951477
42.871436,37.427834
42.921461,35.195441
42.971486,-35.913446
43.021511,49.097914
43.071536,1.600348
43.121561,67.300568
43.171586,30.562210
43.221611,32.391583
43.271636,19.848526
43.321661,-35.074810
43.371686,-2.182773
43.421711,11.257794
43.471736,41.077878
43.521761,21.746217
43.571786,13.325233
43.621811,-20.778049
43.671836,24.825478
43.721861,-9.281670
43.771886,18.244256
43.821911,1.543280
43.871936,34.754295
43.921961,37.363893
43.971986,-3.141479
44.022011,61.480332
44.072036,5.474261
44.122061,1.474441
44.172086,-10.747652
44.222111,25.995853
44.272136,-18.417947
44.322161,-8.066348
44.372186,18.537366
44.422211,-28.706786
44.472236,-34.454168
44.522261,5.118186
44.572286,53.418756
44.622311,61.561035
44.672336,32.519267
44.722361,-33.915979
44.772386,20.976790
44.822411,33.018935
44.872436,56.909903
44.922461,50.044682
44.972486,56.705829
45.022511,26.438661
45.072536,26.883424
45.122561,68.899854
45.172586,82.119233
45.222611,52.379228
45.272636,8.813751
45.322661,103.504928
45.372686,-33.247100
45.422711,20.852155
45.472736,15.210429
45.522761,41.771049
45.572786,-30.527835
45.622811,37.627835
45.672836,61.584851
45.722861,2.959693
45.772886,43.794971
45.822911,8.775996
45.872936,54.925553
45.922961,93.020238
45.972986,-16.166837
46.023012,70.155497
46.073037,-17.426357
46.123062,-16.240596
46.173087,44.450503
46.223112,15.913931
46.273137,-20.297740
46.323162,17.490361
46.373187,-60.941652
46.423212,-61.777679
46.473237,9.905275
46.523262,-8.893625
46.573287,19.564758
46.623312,-19.643095
46.673337,-77.158437
46.723362,27.281374
46.773387,36.826364
46.823412,30.581114
46.873437,27.102478
46.923462,76.346904
46.973487,-33.568695
47.023512,30.817731
47.073537,71.361740
47.123562,34.901184
47.173587,2.300827
47.223612,-1.039078
47.273637,-11.609129
47.323662,-13.024434
47.373687,13.918210
47.423712,11.291983
47.473737,-34.061036
47.523762,42.856510
47.573787,60.355624
47.623812,31.617109
47.673837,44.290661
47.723862,-0.049545
47.773887,48.182939
47.823912,12.980851
47.873937,-5.102957
47.923962,13.798467
47.973987,32.517741
48.024012,-0.426364
48.074037,78.685469
48.124062,43.367157
48.174087,32.416437
48.224112,14.212852
48.274137,26.088110
48.324162,-13.599761
48.374187,53.585222
48.424212,-33.332107
48.474237,5.152337
48.524262,36.862448
48.574287,-11.965372
48.624312,11.674230
48.674337,44.070900
48.724362,18.826580
48.774387,11.749397
48.824412,-17.576748
48.874437,42.333669
48.924462,-33.387194
48.974487,-5.432253
49.024512,4.149076
49.074537,13.861014
49.124562,33.071751
49.174587,34.317528
49.224612,-3.139919
49.274637,10.947092
49.324662,0.306158
49.374687,45.561258
49.424712,35.719638
49.474737,9.225616
49.524762,38.008280
49.574787,60.361814
49.624812,43.411739
49.674837,46.351925
49.724862,-30.191090
49.774887,-20.975113
49.824912,-37.003675
49.874937,-4.093167
49.924962,-20.325501
49.974987,11.919696
50.025013,-28.764218
50.075038,14.710486
50.125063,14.554730
50.175088,58.492003
50.225113,20.724337
50.275138,8.703551
50.325163,27.247413
50.375188,25.717383
50.425213,53.243013
50.475238,11.575408
50.525263,51.332624
50.575288,-2.207351
50.625313,-36.799021
50.675338,9.024856
50.725363,37.622801
50.775388,-44.557097
50.825413,56.587197
50.875438,1.927597
50.925463,17.588118
50.975488,41.903096
51.025513,-4.713071
51.075538,35.320857
51.125563,-76.688001
51.175588,-64.947898
51.225613,-9.593687
51.275638,-26.622577
51.325663,-1.038064
51.375688,65.038672
51.425713,-72.949470
51.475738,18.723644
51.525763,-12.164789
51.575788,-15.814624
51.625813,27.461202
51.675838,22.102370
51.725863,14.159473
51.775888,18.770451
51.825913,-39.921268
51.875938,66.976219
51.925963,-61.634534
51.975988,20.431396
52.026013,-47.919962
52.076038,-8.978276
52.126063,-33.669658
52.176088,21.819685
52.226113,0.470223
52.276138,-60.479482
52.326163,55.763954
52.376188,-62.556423
52.426213,-36.636975
52.476238,-25.097970
52.526263,23.231681
52.576288,-56.110764
52.626313,-41.524123
52.676338,-11.855611
52.726363,-96.594716
52.776388,-66.866280
52.826413,-30.911322
52.876438,-53.265190
52.926463,21.936228
52.976488,-42.774738
53.026513,30.216527
53.076538,21.254348
53.126563,17.197684
53.176588,-18.172610
53.226613,-29.507427
53.276638,7.058477
53.326663,17.942667
53.376688,33.728778
53.426713,-11.362610
53.476738,31.613807
53.526763,6.107115
53.576788,45.553013
53.626813,19.203443
53.676838,5.580609
53.726863,25.952424
53.776888,-20.122908
53.826913,14.742886
53.876938,-19.954677
53.926963,22.301391
53.976988,-37.189971
54.027014,52.485482
54.077039,4.537368
54.127064,-22.557350
54.177089,14.672901
54.227114,-29.884799
54.277139,-17.468355
54.327164,4.151753
54.377189,22.061188
54.427214,-37.199982
54.477239,-5.742899
54.527264,1.741113
54.577289,-14.801400
54.627314,-88.747046
54.677339,-10.149794
54.727364,39.098047
54.777389,-9.971414
54.827414,29.095423
54.877439,22.205643
54.927464,-15.690552
54.977489,-1.482531
55.027514,-21.296644
55.077539,-56.755271
55.127564,82.877314
55.177589,-22.291818
55.227614,-53.225580
55.277639,-110.184398
55.327664,10.761199
55.377689,40.239818
55.427714,-11.042670
55.477739,-9.857987
55.527764,-7.914377
55.577789,-4.473392
55.627814,-28.726447
55.677839,-57.376171
55.727864,38.313496
55.777889,-19.280326
55.827914,22.697750
55.877939,12.290769
55.927964,79.542034
55.977989,-44.054503
56.028014,23.854535
56.078039,25.067715
56.128064,-14.062552
56.178089,19.514133
56.228114,91.423495
56.278139,16.455951
56.328164,12.763209
56.378189,40.383081
56.428214,5.136479
56.478239,-5.468865
56.528264,-3.976350
56.578289,-19.707041
56.628314,28.856634
56.678339,-22.272508
56.728364,37.151714
56.778389,-47.258240
56.828414,-35.174359
56.878439,-54.500558
56.928464,-36.005971
56.978489,37.203730
57.028514,7.645394
57.078539,9.233356
57.128564,-10.549178
57.178589,-44.874233
57.228614,-26.036506
57.278639,-14.288888
57.328664,16.973600
57.378689,-0.728351
57.428714,2.298152
57.478739,19.001891
57.528764,-41.175211
57.578789,-24.396970
57.628814,-27.840635
57.678839,4.685914
57.728864,21.288277
57.778889,-13.504563
57.828914,-21.670013
57.878939,16.191478
57.928964,18.818728
57.978989,23.696674
58.029015,10.647702
58.079040,10.524829
58.129065,16.751825
58.179090,18.748090
58.229115,46.781322
58.279140,-93.766037
58.329165,1.659877
58.379190,35.405889
58.429215,23.937136
58.479240,38.596996
58.529265,18.141427
58.579290,-5.203863
58.629315,-60.046882
58.679340,82.290950
58.729365,16.570529
58.779390,13.440368
58.829415,-21.288615
58.879440,6.799257
58.929465,-4.860470
58.979490,-2.199628
59.029515,29.647461
59.079540,46.293756
59.129565,12.901122
59.179590,87.068444
59.229615,68.190896
59.279640,4.559780
59.329665,-33.869499
59.379690,13.175201
59.429715,40.387562
59.479740,-0.834146
59.529765,-51.237895
59.579790,33.058028
59.629815,-0.968608
59.679840,-23.481515
59.729865,-5.451296
59.779890,-73.083799
59.829915,-24.808718
59.879940,-13.967086
59.929965,-17.321923
59.979990,5.480901
60.030015,-56.510494
60.080040,52.368487
60.130065,-57.274624
60.180090,-1.316503
60.230115,0.890995
60.280140,-19.643210
60.330165,-29.549362
60.380190,-50.211494
60.430215,-30.837317
60.480240,-12.214643
60.530265,-12.103861
60.580290,-11.758760
60.630315,13.480678
60.680340,-9.785846
60.730365,24.162915
60.780390,-23.695963
60.830415,66.499481
60.880440,-33.486353
60.930465,18.438439
60.980490,-29.829390
61.030515,-78.361011
61.080540,50.324231
61.130565,37.945390
61.180590,13.404414
61.230615,13.309807
61.280640,9.186707
61.330665,-24.987727
61.380690,-17.883733
61.430715,-6.612854
61.480740,19.303056
61.530765,25.946453
61.580790,48.482219
61.630815,21.025562
61.680840,86.614896
61.730865,-0.888422
61.780890,57.632583
61.830915,36.604236
61.880940,48.124792
61.930965,55.974151
61.980990,12.555780
62.031016,7.226229
62.081041,20.655865
62.131066,36.390524
62.181091,45.472590
62.231116,34.649727
62.281141,2.315167
62.331166,40.814326
62.381191,-64.242546
62.431216,62.613401
62.481241,-17.798380
62.531266,-14.178179
62.581291,29.216367
62.631316,-43.289053
62.681341,18.500917
62.731366,4.783493
62.781391,-48.547574
62.831416,-6.947697
62.881441,-38.111806
62.931466,25.855634
62.981491,25.368277
63.031516,-5.708795
63.081541,27.322571
63.131566,20.470845
63.181591,-30.824547
63.231616,41.424484
63.281641,28.580923
63.331666,-25.105479
63.381691,7.873616
63.431716,-0.050088
63.481741,-36.717666
63.531766,-12.703316
63.581791,-29.661648
63.631816,-43.731543
63.681841,67.273904
63.731866,-15.144336
63.781891,-9.130199
63.831916,54.648492
63.881941,43.233968
63.931966,11.374875
63.981991,2.943582
64.032016,23.412291
64.082041,-13.157179
64.132066,90.453446
64.182091,-15.331258
64.232116,0.308575
64.282141,45.177229
64.332166,32.126905
64.382191,4.547260
64.432216,-16.434959
64.482241,-29.003534
64.532266,13.239025
64.582291,23.031914
64.632316,10.719489
64.682341,81.384757
64.732366,-49.244381
64.782391,-37.223516
64.832416,-42.310550
64.882441,23.001553
64.932466,-38.677366
64.982491,-42.672454
65.032516,6.752163
65.082541,-29.114391
65.132566,-5.364082
65.182591,5.643359
65.232616,-29.201604
65.282641,-27.074224
65.332666,-48.470498
65.382691,-52.494879
65.432716,-4.895591
65.482741,5.231207
65.532766,-28.782497
65.582791,5.334367
65.632816,-108.745629
65.682841,-18.511388
65.732866,17.819506
65.782891,-8.243958
65.832916,-36.487519
65.882941,-15.902776
65.932966,64.275989
65.982991,-54.264725
66.033017,19.611200
66.083042,73.526533
66.133067,5.191286
66.183092,15.230975
66.233117,-2.613684
66.283142,-44.858385
66.333167,14.861568
66.383192,45.544848
66.433217,-26.495110
66.483242,-40.822073
66.533267,16.285193
66.583292,79.515567
66.633317,-66.151689
66.683342,-16.683595
66.733367,25.371504
66.783392,38.279736
66.833417,-28.663041
66.883442,38.503209
66.933467,37.112221
66.983492,-38.165121
67.033517,-16.109779
67.083542,37.173955
67.133567,-16.847677
67.183592,15.899232
67.233617,-39.574569
67.283642,-35.140881
67.333667,38.468634
67.383692,4.953326
67.433717,-5.255975
67.483742,3.234048
67.533767,-15.876147
67.583792,-8.311641
67.633817,101.524566
67.683842,31.169856
67.733867,22.881245
67.783892,72.871055
67.833917,-20.890063
67.883942,18.472244
67.933967,7.518365
67.983992,-11.889346
68.034017,18.100925
68.084042,-10.723576
68.134067,0.859976
68.184092,18.002846
68.234117,-3.582167
68.284142,62.346357
68.334167,4.017994
68.384192,79.431166
68.434217,9.150250
68.484242,28.845452
68.534267,-28.169824
68.584292,108.487588
68.634317,47.036799
68.684342,65.721487
68.734367,-21.404565
68.784392,-26.309207
68.834417,48.481987
68.884442,-33.881913
68.934467,7.404708
68.984492,-44.618251
69.034517,-13.715406
69.084542,70.444398
69.134567,2.262411
69.184592,-15.688196
69.234617,16.379824
69.284642,39.923116
69.334667,32.464162
69.384692,33.287705
69.434717,14.095887
69.484742,-38.979798
69.534767,-2.956201
69.584792,76.052001
69.634817,1.091945
69.684842,15.364059
69.734867,34.080465
69.784892,57.599832
69.834917,-62.171941
69.884942,-21.560526
69.934967,6.496210
69.984992,-35.668470
70.035018,8.819717
70.085043,36.206319
70.135068,-3.851023
70.185093,9.583243
70.235118,34.134973
70.285143,-28.016502
70.335168,-19.842413
70.385193,-28.356296
70.435218,-7.777926
70.485243,35.270891
70.535268,-8.538067
70.585293,-27.915546
70.635318,49.948555
70.685343,10.756920
70.735368,18.383684
70.785393,11.578524
70.835418,15.615807
70.885443,-34.239051
70.935468,9.005686
70.985493,2.113087
71.035518,37.484036
71.085543,-7.727465
71.135568,20.841429
71.185593,9.011338
71.235618,14.717752
71.285643,40.059032
71.335668,-25.180214
71.385693,20.288473
71.435718,-66.347193
71.485743,79.953844
71.535768,28.971272
71.585793,-14.137836
71.635818,46.317145
71.685843,-45.483199
71.735868,31.727171
71.785893,-21.683744
71.835918,-3.777686
71.885943,-11.684313
71.935968,-40.486986
71.985993,-14.140223
72.036018,4.726027
72.086043,-0.611120
72.136068,12.105990
72.186093,21.405921
72.236118,27.976460
72.286143,36.541322
72.336168,-8.832889
72.386193,-39.749254
72.436218,-35.029797
72.486243,-44.694245
72.536268,-9.194775
72.586293,59.757601
72.636318,3.511581
72.686343,-21.557598
72.736368,41.668965
72.786393,-10.328567
72.836418,-18.440132
72.886443,52.467692
72.936468,35.982956
72.986493,71.469114
73.036518,9.047531
73.086543,7.554733
73.136568,20.021877
73.186593,92.323539
73.236618,2.042859
73.286643,41.537431
73.336668,-6.872936
73.386693,61.044782
73.436718,57.941480
73.486743,24.732706
73.536768,14.990030
73.586793,-21.131534
73.636818,63.488451
73.686843,59.400772
73.736868,52.520749
73.786893,-28.233037
73.836918,-24.786446
73.886943,22.918479
73.936968,22.848582
73.986993,-7.811341
74.037019,11.933781
74.087044,-6.785052
74.137069,-7.818179
74.187094,-38.311327
74.237119,48.317930
74.287144,-30.490156
74.337169,-9.268062
74.387194,-28.101306
74.437219,24.184890
74.487244,-26.496085
74.537269,-12.813431
74.587294,2.493659
74.637319,-52.414033
74.687344,34.186168
74.737369,-63.539236
74.787394,52.173519
74.837419,22.647897
74.887444,-5.427606
74.937469,-26.010915
74.987494,-0.625719
75.037519,4.759213
75.087544,-6.284076
75.137569,18.878540
75.187594,43.372287
75.237619,-17.674054
75.287644,18.766949
75.337669,-20.263339
75.387694,43.171264
75.437719,17.157001
75.487744,11.612475
75.537769,43.256792
75.587794,-33.984459
75.637819,10.331104
75.687844,9.097472
75.737869,14.292393
75.787894,21.872360
75.837919,-26.464096
75.887944,52.761656
75.937969,-10.193012
75.987994,-11.145907
76.038019,-14.533708
76.088044,-28.171785
76.138069,14.997926
76.188094,-77.609250
76.238119,-19.491364
76.288144,8.816313
76.338169,-47.769623
76.388194,33.773947
76.438219,33.464637
76.488244,-5.116504
76.538269,19.380361
76.588294,-15.572156
76.638319,26.704859
76.688344,31.481280
76.738369,-34.100915
76.788394,-15.393374
76.838419,-16.824551
76.888444,44.500423
76.938469,5.646540
76.988494,-2.771520
77.038519,31.129481
77.088544,-33.786616
77.138569,34.179263
77.188594,31.543186
77.238619,-44.792549
77.288644,36.488079
77.338669,44.340838
77.388694,-42.408638
77.438719,10.984391
77.488744,0.462885
77.538769,-18.883853
77.588794,-20.076312
77.638819,-17.434002
77.688844,29.442036
77.738869,4.067133
77.788894,-33.773578
77.838919,-15.428994
77.888944,3.926242
77.938969,-17.481115
77.988994,34.145646
78.039020,38.020719
78.089045,43.136096
78.139070,-31.379644
78.189095,5.422256
78.239120,-49.910257
78.289145,-23.055126
78.339170,-31.623366
78.389195,-15.842620
78.439220,53.333723
78.489245,22.411513
78.539270,22.581212
78.589295,13.081566
78.639320,19.649602
78.689345,20.857230
78.739370,28.820095
78.789395,0.191056
78.839420,-45.805855
78.889445,42.881880
78.939470,-10.571160
78.989495,-34.440085
79.039520,-16.795861
79.089545,26.720936
79.139570,49.181063
79.189595,34.546581
79.239620,-44.983759
79.289645,-66.617799
79.339670,-0.387083
79.389695,-11.835044
79.439720,21.382579
79.489745,26.548491
79.539770,-38.676503
79.589795,-13.492433
79.639820,-10.517044
79.689845,-25.505458
79.739870,16.132110
79.789895,-35.393451
79.839920,-23.578287
79.889945,-33.029675
79.939970,-6.547946
79.989995,18.006857
80.040020,-47.878236
80.090045,17.877536
80.140070,-23.024215
80.190095,-75.460857
80.240120,-18.613853
80.290145,21.080729
80.340170,25.254216
80.390195,-20.226938
80.440220,-15.572382
80.490245,-13.048025
80.540270,-3.401014
80.590295,54.546009
80.640320,2.087581
80.690345,-11.982400
80.740370,12.278772
80.790395,52.052645
80.840420,18.952773
80.890445,23.454604
80.940470,3.586963
80.990495,-65.083575
81.040520,8.573076
81.090545,-7.549721
81.140570,85.913987
81.190595,-24.048130
81.240620,-13.405959
81.290645,-17.857437
81.340670,11.278635
81.390695,-42.380292
81.440720,-3.854729
81.490745,3.845812
81.540770,-26.160942
81.590795,-10.217693
81.640820,-16.695398
81.690845,19.975367
81.740870,29.137745
81.790895,-23.975403
81.840920,32.503024
81.890945,9.822286
81.940970,96.833858
81.990995,37.326157
82.041021,-14.173892
82.091046,38.209843
82.141071,54.961950
82.191096,10.696265
82.241121,19.098081
82.291146,38.171672
82.341171,61.977776
82.391196,17.923582
82.441221,-17.136356
82.491246,60.140886
82.541271,93.391168
82.591296,20.548919
82.641321,-4.347224
82.691346,-36.420772
82.741371,-35.373203
82.791396,52.414750
82.841421,54.953210
82.891446,67.207367
82.941471,-23.533623
82.991496,11.424023
83.041521,-63.898774
83.091546,9.005162
83.141571,-90.623757
83.191596,21.220111
83.241621,20.127256
83.291646,0.444245
83.341671,-9.343595
83.391696,56.023185
83.441721,86.752475
83.491746,-14.913578
83.541771,-35.959043
83.591796,21.518821
83.641821,2.535456
83.691846,43.713621
83.741871,-22.599477
83.791896,18.636567
83.841921,-39.468101
83.891946,-22.631686
83.941971,-10.438391
83.991996,-17.548101
84.042021,8.626867
84.092046,-27.045579
84.142071,13.529728
84.192096,34.057237
84.242121,-10.530986
84.292146,-52.850138
84.342171,-7.791095
84.392196,5.329768
84.442221,-13.604564
84.492246,37.656905
84.542271,32.826041
84.592296,-6.068186
84.642321,25.331926
84.692346,-40.842974
84.742371,1.453475
84.792396,35.218338
84.842421,-40.829972
84.892446,50.262861
84.942471,29.716940
84.992496,0.812467
85.042521,17.483289
85.092546,20.171797
85.142571,-12.415742
85.192596,-35.156189
85.242621,-6.671172
85.292646,20.303860
85.342671,6.620259
85.392696,60.556231
85.442721,58.771298
85.492746,-37.893426
85.542771,12.526655
85.592796,-17.943085
85.642821,43.632491
85.692846,26.954105
85.742871,-24.923284
85.792896,-2.983889
85.842921,-5.554008
85.892946,22.847407
85.942971,-12.856918
85.992996,-66.809903
86.043022,-15.578126
86.093047,-10.876200
86.143072,-25.074990
86.193097,-1.777503
86.243122,18.867000
86.293147,-8.807381
86.343172,6.726531
86.393197,12.436282
86.443222,49.748243
86.493247,-8.662421
86.543272,-64.583392
86.593297,12.347389
86.643322,-16.635063
86.693347,-3.464837
86.743372,51.313954
86.793397,-24.253454
86.843422,-26.581378
86.893447,-15.460718
86.943472,-37.495415
86.993497,23.669440
87.043522,-12.312782
87.093547,23.128544
87.143572,-29.944289
87.193597,33.906198
87.243622,-31.244337
87.293647,-23.534858
87.343672,-63.609319
87.393697,6.023180
87.443722,8.231867
87.493747,11.670752
87.543772,-25.024049
87.593797,78.106851
87.643822,-26.676995
87.693847,2.159657
87.743872,26.908577
87.793897,-3.124907
87.843922,8.155794
87.893947,23.519128
87.943972,37.063875
87.993997,6.730701
88.044022,13.745109
88.094047,32.615686
88.144072,32.447669
88.194097,-41.284267
88.244122,-18.841030
88.294147,-13.909971
88.344172,16.139970
88.394197,18.728996
88.444222,-8.568808
88.494247,-52.148184
88.544272,18.251241
88.594297,81.596713
88.644322,-40.305916
88.694347,-65.554238
88.744372,-26.838120
88.794397,54.649578
88.844422,-20.511196
88.894447,42.523745
88.944472,-15.869094
88.994497,9.990714
89.044522,16.292199
89.094547,20.451664
89.144572,63.862111
89.194597,31.505301
89.244622,2.642394
89.294647,-16.863599
89.344672,12.889832
89.394697,-39.735178
89.444722,1.442817
89.494747,45.010948
89.544772,-19.862462
89.594797,38.797746
89.644822,50.025515
89.694847,12.665089
89.744872,6.738785
89.794897,-20.473562
89.844922,16.420434
89.894947,-10.469403
89.944972,14.609347
89.994997,-43.589330
90.045023,-4.461769
90.095048,33.918597
90.145073,10.348037
90.195098,23.219156
90.245123,28.178927
90.295148,-15.701291
90.345173,-20.345788
90.395198,48.043447
90.445223,25.716766
90.495248,26.532363
90.545273,54.028355
90.595298,8.680458
90.645323,33.631631
90.695348,57.943606
90.745373,-9.906065
90.795398,6.709971
90.845423,23.131272
90.895448,8.650156
90.945473,80.208601
90.995498,1.364081
91.045523,46.844001
91.095548,23.670176
91.145573,-19.901457
91.195598,8.567102
91.245623,16.161925
91.295648,51.862825
91.345673,4.872191
91.395698,49.894707
91.445723,7.003560
91.495748,-16.741254
91.545773,51.275950
91.595798,-33.781344
91.645823,-23.900299
91.695848,-27.862050
91.745873,1.087181
91.795898,1.214071
91.845923,6.993214
91.895948,7.926761
91.945973,13.330492
91.995998,18.288489
92.046023,2.242160
92.096048,-1.116055
92.146073,21.600664
92.196098,-23.623331
92.246123,-19.200996
92.296148,22.697734
92.346173,43.229874
92.396198,71.082803
92.446223,20.325108
92.496248,47.373465
92.546273,-30.378175
92.596298,6.306222
92.646323,24.305198
92.696348,41.893245
92.746373,-0.049458
92.796398,8.480531
92.846423,-25.022922
92.896448,23.366868
92.946473,1.234847
92.996498,9.865534
93.046523,-15.079731
93.096548,-22.503513
93.146573,-2.336853
93.196598,27.726646
93.246623,93.887441
93.296648,13.118557
93.346673,-7.911273
93.396698,-3.064011
93.446723,-2.705210
93.496748,35.673128
93.546773,8.489283
93.596798,11.393497
93.646823,-37.697496
93.696848,24.796982
93.746873,42.171649
93.796898,13.571497
93.846923,-52.267463
93.896948,4.013362
93.946973,1.728812
93.996998,5.410089
94.047024,-51.131763
94.097049,45.584162
94.147074,31.268126
94.197099,-34.991822
94.247124,54.133332
94.297149,51.349796
94.347174,73.308407
94.397199,18.645378
94.447224,44.953375
94.497249,-42.890339
94.547274,-6.933672
94.597299,39.548104
94.647324,17.074217
94.697349,-11.439425
94.747374,-1.582272
94.797399,34.941564
94.847424,-22.766981
94.897449,1.848711
94.947474,22.539023
94.997499,54.121436
95.047524,-17.763306
95.097549,-6.851517
95.147574,45.405004
95.197599,-50.049282
95.247624,-20.711518
95.297649,-42.969627
95.347674,-55.844719
95.397699,27.729791
95.447724,-37.330868
95.497749,-15.098305
95.547774,-39.888943
95.597799,-12.980850
95.647824,25.025886
95.697849,-42.934553
95.747874,-2.971176
95.797899,38.380544
95.847924,-25.049386
95.897949,12.599271
95.947974,22.399003
95.997999,34.958871
96.048024,7.610314
96.098049,26.454139
96.148074,18.950837
96.198099,64.518502
96.248124,32.621454
96.298149,31.011372
96.348174,-2.203747
96.398199,17.729200
96.448224,4.529533
96.498249,-51.183737
96.548274,-0.859891
96.598299,-0.724668
96.648324,-17.237822
96.698349,-0.723824
96.748374,-50.615158
96.798399,40.981976
96.848424,2.881960
96.898449,9.896961
96.948474,24.852625
96.998499,-20.482442
97.048524,14.616258
97.098549,-5.709319
97.148574,49.269505
97.198599,58.767606
97.248624,-3.502932
97.298649,-17.956252
97.348674,-30.020534
97.398699,32.285371
97.448724,-5.461900
97.498749,2.866860
97.548774,6.159640
97.598799,1.145631
97.648824,8.969549
97.698849,6.441685
97.748874,-29.574745
97.798899,60.222958
97.848924,90.931947
97.898949,14.649884
97.948974,4.679171
97.998999,-38.043232
98.049025,-41.087841
98.099050,44.398815
98.149075,31.344049
98.199100,6.011874
98.249125,28.175646
98.299150,36.470525
98.349175,46.488553
98.399200,26.117799
98.449225,-0.382804
98.499250,44.507858
98.549275,4.092298
98.599300,-18.742110
98.649325,74.470405
98.699350,68.418987
98.749375,48.187541
98.799400,-55.988226
98.849425,11.339786
98.899450,86.735628
98.949475,-32.320161
98.999500,-29.494023
99.049525,31.841057
99.099550,53.230290
99.149575,51.155393
99.199600,12.392480
99.249625,35.080418
99.299650,55.648019
99.349675,-33.721294
99.399700,38.809036
99.449725,13.066835
99.499750,10.310548
99.549775,51.960782
99.599800,-34.936607
99.649825,32.708514
99.699850,21.943401
99.749875,23.788990
99.799900,14.863018
99.849925,-11.009153
99.899950,3.589070
99.949975,24.126187
100.000000,41.497950
